Model,MAE,RMSE,WAPE,SMAPE,R Square
XGBoost B4 Lag,205.77609252929688,296.9741939546263,99.54338826631245,134.82603164109995,-0.0920950174331665
XGBoost with lag,183.20562744140625,265.40454086639136,88.62500821842868,117.16558352836518,0.12775260210037231
Naive Forecast,200.34,337.85,96.91,148.19,-0.41
Seasonal Naive (lag-7),240.45,328.47,116.32,109.06,-0.34
7-Week Moving Average,282.04,316.85,136.43,126.8,-0.24
"ARIMA(0, 1, 2)",242.08,287.49,117.1,128.7,-0.02
"SARIMA(5, 0, 1)(2, 1, 0, 7)",217.57,295.49,105.25,110.1,-0.08
SARIMAX + Exogenous variable,217.88,295.39,105.4,108.87,-0.08
SARIMA Walk-Forward Validation,168.64,254.69,81.58,111.04,0.2
